algorithm,unsorted_array,comparisons
mergesort,"[0, 1, 2, 3]",4
quicksort,"[0, 1, 2, 3]",6
shaker sort,"[0, 1, 2, 3]",3
heapsort,"[0, 1, 2, 3]",7
mergesort,"[0, 1, 3, 2]",4
quicksort,"[0, 1, 3, 2]",4
shaker sort,"[0, 1, 3, 2]",5
heapsort,"[0, 1, 3, 2]",6
mergesort,"[0, 2, 1, 3]",5
quicksort,"[0, 2, 1, 3]",5
shaker sort,"[0, 2, 1, 3]",5
heapsort,"[0, 2, 1, 3]",7
mergesort,"[0, 2, 3, 1]",5
quicksort,"[0, 2, 3, 1]",4
shaker sort,"[0, 2, 3, 1]",6
heapsort,"[0, 2, 3, 1]",6
mergesort,"[0, 3, 1, 2]",5
quicksort,"[0, 3, 1, 2]",4
shaker sort,"[0, 3, 1, 2]",5
heapsort,"[0, 3, 1, 2]",7
mergesort,"[0, 3, 2, 1]",5
quicksort,"[0, 3, 2, 1]",4
shaker sort,"[0, 3, 2, 1]",6
heapsort,"[0, 3, 2, 1]",7
mergesort,"[1, 0, 2, 3]",4
quicksort,"[1, 0, 2, 3]",6
shaker sort,"[1, 0, 2, 3]",5
heapsort,"[1, 0, 2, 3]",7
mergesort,"[1, 0, 3, 2]",4
quicksort,"[1, 0, 3, 2]",4
shaker sort,"[1, 0, 3, 2]",5
heapsort,"[1, 0, 3, 2]",6
mergesort,"[1, 2, 0, 3]",5
quicksort,"[1, 2, 0, 3]",6
shaker sort,"[1, 2, 0, 3]",6
heapsort,"[1, 2, 0, 3]",7
mergesort,"[1, 2, 3, 0]",5
quicksort,"[1, 2, 3, 0]",6
shaker sort,"[1, 2, 3, 0]",6
heapsort,"[1, 2, 3, 0]",6
mergesort,"[1, 3, 0, 2]",5
quicksort,"[1, 3, 0, 2]",4
shaker sort,"[1, 3, 0, 2]",6
heapsort,"[1, 3, 0, 2]",7
mergesort,"[1, 3, 2, 0]",5
quicksort,"[1, 3, 2, 0]",6
shaker sort,"[1, 3, 2, 0]",6
heapsort,"[1, 3, 2, 0]",7
mergesort,"[2, 0, 1, 3]",5
quicksort,"[2, 0, 1, 3]",5
shaker sort,"[2, 0, 1, 3]",5
heapsort,"[2, 0, 1, 3]",7
mergesort,"[2, 0, 3, 1]",5
quicksort,"[2, 0, 3, 1]",4
shaker sort,"[2, 0, 3, 1]",6
heapsort,"[2, 0, 3, 1]",6
mergesort,"[2, 1, 0, 3]",5
quicksort,"[2, 1, 0, 3]",6
shaker sort,"[2, 1, 0, 3]",6
heapsort,"[2, 1, 0, 3]",7
mergesort,"[2, 1, 3, 0]",5
quicksort,"[2, 1, 3, 0]",5
shaker sort,"[2, 1, 3, 0]",6
heapsort,"[2, 1, 3, 0]",6
mergesort,"[2, 3, 0, 1]",4
quicksort,"[2, 3, 0, 1]",4
shaker sort,"[2, 3, 0, 1]",6
heapsort,"[2, 3, 0, 1]",7
mergesort,"[2, 3, 1, 0]",4
quicksort,"[2, 3, 1, 0]",5
shaker sort,"[2, 3, 1, 0]",6
heapsort,"[2, 3, 1, 0]",7
mergesort,"[3, 0, 1, 2]",5
quicksort,"[3, 0, 1, 2]",4
shaker sort,"[3, 0, 1, 2]",5
heapsort,"[3, 0, 1, 2]",6
mergesort,"[3, 0, 2, 1]",5
quicksort,"[3, 0, 2, 1]",4
shaker sort,"[3, 0, 2, 1]",6
heapsort,"[3, 0, 2, 1]",6
mergesort,"[3, 1, 0, 2]",5
quicksort,"[3, 1, 0, 2]",4
shaker sort,"[3, 1, 0, 2]",6
heapsort,"[3, 1, 0, 2]",6
mergesort,"[3, 1, 2, 0]",5
quicksort,"[3, 1, 2, 0]",6
shaker sort,"[3, 1, 2, 0]",6
heapsort,"[3, 1, 2, 0]",6
mergesort,"[3, 2, 0, 1]",4
quicksort,"[3, 2, 0, 1]",4
shaker sort,"[3, 2, 0, 1]",6
heapsort,"[3, 2, 0, 1]",6
mergesort,"[3, 2, 1, 0]",4
quicksort,"[3, 2, 1, 0]",6
shaker sort,"[3, 2, 1, 0]",6
heapsort,"[3, 2, 1, 0]",6
